-- phpMyAdmin SQL Dump
-- version 4.7.4
-- https://www.phpmyadmin.net/
--
-- Anamakine: 127.0.0.1:3306
-- Üretim Zamanı: 23 May 2019, 22:16:31
-- Sunucu sürümü: 5.7.19
-- PHP Sürümü: 5.6.31

SET SQL_MODE = "NO_AUTO_VALUE_ON_ZERO";
SET AUTOCOMMIT = 0;
START TRANSACTION;
SET time_zone = "+00:00";


/*!40101 SET @OLD_CHARACTER_SET_CLIENT=@@CHARACTER_SET_CLIENT */;
/*!40101 SET @OLD_CHARACTER_SET_RESULTS=@@CHARACTER_SET_RESULTS */;
/*!40101 SET @OLD_COLLATION_CONNECTION=@@COLLATION_CONNECTION */;
/*!40101 SET NAMES utf8mb4 */;

--
-- Veritabanı: `sinema`
--

-- --------------------------------------------------------

--
-- Tablo için tablo yapısı `tur`
--

DROP TABLE IF EXISTS `tur`;
CREATE TABLE IF NOT EXISTS `tur` (
  `tur_no` int(16) NOT NULL,
  `tur_ad` varchar(255) NOT NULL,
  PRIMARY KEY (`tur_no`)
) ENGINE=InnoDB DEFAULT CHARSET=utf8;

--
-- Tablo döküm verisi `tur`
--

INSERT INTO `tur` (`tur_no`, `tur_ad`) VALUES
(1, 'Aksiyon'),
(2, 'Komedi'),
(3, 'Dram'),
(4, 'Bilim Kurgu'),
(5, 'Korku'),
(6, 'Belgesel'),
(7, 'Animasyon'),
(8, 'Romantik');

-- --------------------------------------------------------

--
-- Tablo için tablo yapısı `uye`
--

DROP TABLE IF EXISTS `uye`;
CREATE TABLE IF NOT EXISTS `uye` (
  `email` varchar(255) CHARACTER SET utf8 NOT NULL,
  `ad` varchar(255) COLLATE utf8_turkish_ci NOT NULL,
  `soyad` varchar(255) COLLATE utf8_turkish_ci NOT NULL,
  `sifre` varchar(255) CHARACTER SET utf8 NOT NULL,
  `telefon` varchar(255) CHARACTER SET utf8 NOT NULL,
  `cinsiyet` varchar(255) CHARACTER SET utf8 NOT NULL,
  PRIMARY KEY (`email`)
) ENGINE=InnoDB DEFAULT CHARSET=utf8 COLLATE=utf8_turkish_ci;

--
-- Tablo döküm verisi `uye`
--

INSERT INTO `uye` (`email`, `ad`, `soyad`, `sifre`, `telefon`, `cinsiyet`) VALUES
('aaarsla@gmail.com', 'Ahmet', 'Arslan', '12328739872', '05542876576', '1'),
('acan@gmail.com', 'Alper', 'Can', '23871239', '05372812172', '1'),
('agezer@gmail.com', 'Alper', 'Gezer', '9283712983', '05362127382', '1'),
('ahmetsay@gmail.com', 'Ahmet', 'Say', '3476382746', '05538765678', '1'),
('aliaktass1@gmail.com', 'Ali', 'Aktas', '948579843', '05231236542', '1'),
('aoglena@gmail.com', 'Ali', 'Oglena', '31982371', '05532176283', '1'),
('apple@gmail.com', 'Adem', 'Apple', '291273128', '05423276137', '1'),
('aretikulum@gmail.com', 'Alper', 'Retikulum', '21323131', '05452378212', '1'),
('aswartz@gmail.com', 'Aaron', 'Swartz', '83478373847', '05452322211', '1'),
('bdemir2@gmail.com', 'Busra', 'Demir', '82736827', '05437261322', '0'),
('billevans@gmail.com', 'Bill', 'Evans', '9312983', '05432182738', '1'),
('ccdemir@gmail.com', 'Can', 'Demir', '7364837687', '05376217281', '1'),
('ckara@gmail.com', 'Ceyda', 'Kara', '2389217378', '05421234761', '0'),
('ckaratay@gmail.com', 'Canan', 'Karatay', '48372463827', '05452384211', '0'),
('cturk@gmail.com', 'Ceren', 'Turk', '231023981', '05468879922', '0'),
('darar@gmail.com', 'Dicle', 'Akkaya', '2131231', '05317312562', '0'),
('dsay@gmail.com', 'Demir', 'Say', '192873289', '05321623581', '1'),
('edemir22@gmail.com', 'Eylul', 'Demir', '2198371928', '05377281237', '0'),
('efitzgerald@gmail.com', 'Ella', 'Fitzgerald', '12382193872', '05372182198', '0'),
('ehas@gmail.com', 'Erol', 'Has', '1293872', '05432167282', '1'),
('ekaya@gmail.com', 'Elif', 'Kaya', '4762837462487', '05543283711', '0'),
('eturna@gmail.com', 'Emre', 'Turna', '1283729', '05423276191', '1'),
('fcevik23@gmail.com', 'Fatma', 'Cevik', '39182398', '05342736122', '1'),
('foz@gmail.com', 'Fatma', 'Oz', '1298371928', '05421726318', '0'),
('gdemir@gmail.com', 'Gizem', 'Demir', '3874681746', '05452372198', '0'),
('gizem@gmail.com', 'Gizem', 'Erdogan', '23940982', '05217387921', '0'),
('gkalas@gmail.com', 'Gizem', 'Kalas', '123123213', '05342736164', '0'),
('gkaraca@gmail.com', 'Gizem', 'Karaca', '12893719238', '05426187242', '0'),
('gsoyer@gmail.com', 'Gizem', 'Soyer', 'sdkjasldk', '05236271231', '0'),
('gvural@gmail.com', 'Gozde', 'Vural', '712983721893', '05421621983', '0'),
('hgezer@gmail.com', 'Hande', 'Gezer', '283719283', '05232712021', '0'),
('hturk@gmail.com', 'Hazal', 'Turk', '376837461', '05546572143', '0'),
('hturkel@gmail.com', 'Hazal', 'Turkel', '912837927', '05321847281', '0'),
('isilgenc@mail.com', 'ISIL', 'GENC', '12837198273', '05384621523', '0'),
('marar@gmail.com', 'Mert', 'Arar', '128376281736', '05342736145', '1'),
('mdemir@gmail.com', 'Mehmet', 'Demir', '7268736', '05423652171', '1'),
('mertacar@gmail.com', 'Mert', 'Acar', '9823749783', '05378872163', '1'),
('mertyesil@gmail.com', 'Mert', 'Yesil', '213123123', '05432128372', '1'),
('mkalayci@gmail.com', 'Mert', 'Kalayci', '123456', '05342736142', '1'),
('myesil@gmail.com', 'Mehmet', 'Yesil', '7638736', '05423652172', '1'),
('nakbaba@gmail.com', 'Nuri', 'Akbaba', '1293872938', '05342736112', '1'),
('ndeveci', 'Nihan', 'Deveci', '192837219837', '05342736120', '0'),
('ndidin@gmail.com', 'Nur', 'Didin', '3847238764', '05412631921', '0'),
('nhkaya@gmail.com', 'Nihan', 'Kaya', '1289371928', '05452371821', '0'),
('nirvana@gmail.com', 'Kurt', 'Cobain', '12983721387', '05431298321', '1'),
('nkaya@gmail.com', 'Nuray', 'Kaya', '391827392873', '05437675231', '1'),
('nsay@gmail.com', 'Nejat', 'Say', '378462873', '05537659987', '1'),
('pakyuvar@gmail.com', 'Pelin', 'Akyuvar', '21398732', '05452128312', '0'),
('pbatu@gmail.com', 'Pelin', 'Batu', '12312312', '05218371621', '0'),
('rakkaya@gmail.com', 'Riza', 'Akkaya', '1928329837', '05423145721', '1'),
('rkaya@gmail.com', 'Rifat', 'Kaya', '189378962', '05342736177', '1'),
('serper@gmail.com', 'Serap', 'Er', '19827328', '05316527182', '0'),
('sersoz@gmail.com', 'Serap', 'Ersoz', '37843264', '05315462781', '0'),
('sezenaksu@gmail.com', 'Sezen', 'Aksu', '12837129837', '05423272812', '0'),
('sowhat@gmail.com', 'Miles', 'Davis', '123423123', '05382273127', '1'),
('spinar@gmail.com', 'Simge', 'Pinar', '98237493824', '05316532211', '0'),
('takkaya1@gmail.com', 'Tolga', 'Akkaya', '123872913', '05432172312', '1'),
('toriamos@gmail.com', 'Tori', 'Amos', '121209381298', '05452372129', '0'),
('yoz@gmail.com', 'Yusuf', 'Oz', '49812739', '05382163218', '1'),
('yturan@gmail.com', 'Yusuf', 'Turan', '98273812', '05421371821', '1'),
('zturk@gmail.com', 'Ali', 'Ozturk', '73291873', '05232651276', '1');

-- --------------------------------------------------------

--
-- Tablo için tablo yapısı `uye_tur`
--

DROP TABLE IF EXISTS `uye_tur`;
CREATE TABLE IF NOT EXISTS `uye_tur` (
  `email` varchar(255) NOT NULL,
  `tur_no` int(1) NOT NULL,
  KEY `email` (`email`),
  KEY `tur_no` (`tur_no`)
) ENGINE=InnoDB DEFAULT CHARSET=utf8;

--
-- Tablo döküm verisi `uye_tur`
--

INSERT INTO `uye_tur` (`email`, `tur_no`) VALUES
('mertacar@gmail.com', 2),
('mertacar@gmail.com', 4),
('mertacar@gmail.com', 7),
('spinar@gmail.com', 2),
('spinar@gmail.com', 3),
('spinar@gmail.com', 7),
('spinar@gmail.com', 8),
('aliaktass1@gmail.com', 1),
('aliaktass1@gmail.com', 2),
('aliaktass1@gmail.com', 3),
('aliaktass1@gmail.com', 4),
('aliaktass1@gmail.com', 5),
('aliaktass1@gmail.com', 6),
('ndidin@gmail.com', 2),
('ndidin@gmail.com', 3),
('ndidin@gmail.com', 8),
('fcevik23@gmail.com', 3),
('fcevik23@gmail.com', 4),
('fcevik23@gmail.com', 6),
('fcevik23@gmail.com', 7),
('fcevik23@gmail.com', 8),
('ndeveci', 2),
('ndeveci', 3),
('ndeveci', 5),
('ndeveci', 7),
('ndeveci', 8),
('nakbaba@gmail.com', 1),
('nakbaba@gmail.com', 2),
('nakbaba@gmail.com', 7),
('marar@gmail.com', 1),
('marar@gmail.com', 2),
('marar@gmail.com', 4),
('marar@gmail.com', 5),
('gkalas@gmail.com', 2),
('gkalas@gmail.com', 3),
('gkalas@gmail.com', 8),
('rkaya@gmail.com', 1),
('rkaya@gmail.com', 2),
('rkaya@gmail.com', 7),
('mkalayci@gmail.com', 1),
('mkalayci@gmail.com', 2),
('mkalayci@gmail.com', 4),
('mkalayci@gmail.com', 5),
('nkaya@gmail.com', 2),
('nkaya@gmail.com', 3),
('nkaya@gmail.com', 8),
('hturkel@gmail.com', 2),
('hturkel@gmail.com', 3),
('hturkel@gmail.com', 7),
('hturkel@gmail.com', 8),
('cturk@gmail.com', 2),
('cturk@gmail.com', 3),
('cturk@gmail.com', 6),
('cturk@gmail.com', 7),
('cturk@gmail.com', 8),
('darar@gmail.com', 1),
('darar@gmail.com', 3),
('darar@gmail.com', 4),
('darar@gmail.com', 6),
('darar@gmail.com', 8),
('rakkaya@gmail.com', 1),
('rakkaya@gmail.com', 2),
('rakkaya@gmail.com', 4),
('rakkaya@gmail.com', 5),
('pbatu@gmail.com', 2),
('pbatu@gmail.com', 3),
('pbatu@gmail.com', 7),
('pbatu@gmail.com', 8),
('nirvana@gmail.com', 3),
('nirvana@gmail.com', 6),
('nirvana@gmail.com', 8),
('ckara@gmail.com', 1),
('ckara@gmail.com', 3),
('ckara@gmail.com', 5),
('ckara@gmail.com', 6),
('ckara@gmail.com', 7),
('ckara@gmail.com', 8),
('pakyuvar@gmail.com', 2),
('pakyuvar@gmail.com', 3),
('pakyuvar@gmail.com', 4),
('pakyuvar@gmail.com', 8),
('aretikulum@gmail.com', 1),
('aretikulum@gmail.com', 4),
('aretikulum@gmail.com', 5),
('aretikulum@gmail.com', 7),
('isilgenc@mail.com', 2),
('isilgenc@mail.com', 7),
('isilgenc@mail.com', 8),
('gvural@gmail.com', 1),
('gvural@gmail.com', 2),
('gvural@gmail.com', 3),
('gvural@gmail.com', 4),
('gvural@gmail.com', 5),
('gvural@gmail.com', 6),
('gvural@gmail.com', 8),
('ekaya@gmail.com', 1),
('ekaya@gmail.com', 2),
('ekaya@gmail.com', 3),
('ekaya@gmail.com', 5),
('ekaya@gmail.com', 6),
('ekaya@gmail.com', 7),
('ekaya@gmail.com', 8),
('aoglena@gmail.com', 1),
('aoglena@gmail.com', 2),
('aoglena@gmail.com', 3),
('aoglena@gmail.com', 4),
('aoglena@gmail.com', 5),
('mertyesil@gmail.com', 1),
('mertyesil@gmail.com', 2),
('mertyesil@gmail.com', 5),
('ckaratay@gmail.com', 1),
('ckaratay@gmail.com', 2),
('ckaratay@gmail.com', 3),
('ckaratay@gmail.com', 6),
('aaarsla@gmail.com', 1),
('aaarsla@gmail.com', 2),
('aaarsla@gmail.com', 3),
('aaarsla@gmail.com', 4),
('aaarsla@gmail.com', 5),
('aaarsla@gmail.com', 6),
('ahmetsay@gmail.com', 2),
('ahmetsay@gmail.com', 4),
('ahmetsay@gmail.com', 6),
('ahmetsay@gmail.com', 7),
('ahmetsay@gmail.com', 8),
('nsay@gmail.com', 1),
('nsay@gmail.com', 5),
('hturk@gmail.com', 1),
('hturk@gmail.com', 4),
('hturk@gmail.com', 6),
('hturk@gmail.com', 7),
('hturk@gmail.com', 8),
('yoz@gmail.com', 2),
('yoz@gmail.com', 4),
('yoz@gmail.com', 5),
('sersoz@gmail.com', 2),
('sersoz@gmail.com', 5),
('sersoz@gmail.com', 7),
('sersoz@gmail.com', 8),
('serper@gmail.com', 2),
('serper@gmail.com', 3),
('serper@gmail.com', 4),
('serper@gmail.com', 6),
('serper@gmail.com', 8),
('ehas@gmail.com', 2),
('ehas@gmail.com', 4),
('ehas@gmail.com', 5),
('ehas@gmail.com', 6),
('gdemir@gmail.com', 2),
('gdemir@gmail.com', 3),
('gdemir@gmail.com', 4),
('gdemir@gmail.com', 7),
('gdemir@gmail.com', 8),
('gizem@gmail.com', 2),
('gizem@gmail.com', 3),
('gizem@gmail.com', 8),
('apple@gmail.com', 2),
('apple@gmail.com', 3),
('apple@gmail.com', 4),
('apple@gmail.com', 5),
('apple@gmail.com', 8),
('bdemir2@gmail.com', 2),
('bdemir2@gmail.com', 7),
('bdemir2@gmail.com', 8),
('mdemir@gmail.com', 2),
('mdemir@gmail.com', 4),
('mdemir@gmail.com', 5),
('myesil@gmail.com', 1),
('myesil@gmail.com', 2),
('myesil@gmail.com', 5),
('dsay@gmail.com', 2),
('dsay@gmail.com', 4),
('dsay@gmail.com', 5),
('dsay@gmail.com', 8),
('ccdemir@gmail.com', 2),
('ccdemir@gmail.com', 4),
('ccdemir@gmail.com', 5),
('ccdemir@gmail.com', 8),
('foz@gmail.com', 1),
('foz@gmail.com', 2),
('foz@gmail.com', 5),
('foz@gmail.com', 7),
('gkaraca@gmail.com', 2),
('gkaraca@gmail.com', 4),
('gkaraca@gmail.com', 8),
('hgezer@gmail.com', 2),
('eturna@gmail.com', 1),
('eturna@gmail.com', 2),
('eturna@gmail.com', 3),
('eturna@gmail.com', 4),
('eturna@gmail.com', 5),
('eturna@gmail.com', 7),
('eturna@gmail.com', 8),
('yturan@gmail.com', 1),
('yturan@gmail.com', 2),
('yturan@gmail.com', 3),
('yturan@gmail.com', 4),
('yturan@gmail.com', 5),
('yturan@gmail.com', 7),
('yturan@gmail.com', 8),
('agezer@gmail.com', 1),
('agezer@gmail.com', 2),
('agezer@gmail.com', 3),
('agezer@gmail.com', 4),
('agezer@gmail.com', 5),
('agezer@gmail.com', 7),
('agezer@gmail.com', 8),
('edemir22@gmail.com', 2),
('edemir22@gmail.com', 3),
('zturk@gmail.com', 7),
('gsoyer@gmail.com', 2),
('gsoyer@gmail.com', 7),
('acan@gmail.com', 1),
('acan@gmail.com', 2),
('nhkaya@gmail.com', 2),
('nhkaya@gmail.com', 3),
('nhkaya@gmail.com', 4),
('nhkaya@gmail.com', 8),
('takkaya1@gmail.com', 2),
('takkaya1@gmail.com', 3),
('takkaya1@gmail.com', 4),
('takkaya1@gmail.com', 5),
('takkaya1@gmail.com', 7),
('takkaya1@gmail.com', 8),
('aswartz@gmail.com', 2),
('aswartz@gmail.com', 4),
('aswartz@gmail.com', 5),
('aswartz@gmail.com', 6),
('aswartz@gmail.com', 7),
('efitzgerald@gmail.com', 2),
('efitzgerald@gmail.com', 3),
('efitzgerald@gmail.com', 6),
('efitzgerald@gmail.com', 8),
('sowhat@gmail.com', 2),
('sowhat@gmail.com', 6),
('sowhat@gmail.com', 8),
('billevans@gmail.com', 1),
('billevans@gmail.com', 2),
('billevans@gmail.com', 3),
('billevans@gmail.com', 6),
('billevans@gmail.com', 7),
('billevans@gmail.com', 8),
('sezenaksu@gmail.com', 2),
('sezenaksu@gmail.com', 3),
('sezenaksu@gmail.com', 7),
('toriamos@gmail.com', 2),
('toriamos@gmail.com', 3),
('toriamos@gmail.com', 5),
('toriamos@gmail.com', 7),
('toriamos@gmail.com', 8);

-- --------------------------------------------------------

--
-- Tablo için tablo yapısı `uye_yas`
--

DROP TABLE IF EXISTS `uye_yas`;
CREATE TABLE IF NOT EXISTS `uye_yas` (
  `email` varchar(50) NOT NULL,
  `yas_no` int(1) NOT NULL,
  KEY `email` (`email`),
  KEY `yas_no` (`yas_no`)
) ENGINE=InnoDB DEFAULT CHARSET=utf8;

--
-- Tablo döküm verisi `uye_yas`
--

INSERT INTO `uye_yas` (`email`, `yas_no`) VALUES
('mertacar@gmail.com', 1),
('spinar@gmail.com', 4),
('aliaktass1@gmail.com', 5),
('ndidin@gmail.com', 3),
('fcevik23@gmail.com', 4),
('ndeveci', 5),
('nakbaba@gmail.com', 2),
('marar@gmail.com', 5),
('gkalas@gmail.com', 2),
('rkaya@gmail.com', 2),
('mkalayci@gmail.com', 4),
('nkaya@gmail.com', 4),
('hturkel@gmail.com', 5),
('cturk@gmail.com', 5),
('darar@gmail.com', 5),
('rakkaya@gmail.com', 4),
('pbatu@gmail.com', 3),
('nirvana@gmail.com', 5),
('ckara@gmail.com', 3),
('pakyuvar@gmail.com', 4),
('aretikulum@gmail.com', 3),
('isilgenc@mail.com', 1),
('gvural@gmail.com', 3),
('ekaya@gmail.com', 5),
('aoglena@gmail.com', 4),
('mertyesil@gmail.com', 5),
('ckaratay@gmail.com', 5),
('aaarsla@gmail.com', 4),
('ahmetsay@gmail.com', 4),
('nsay@gmail.com', 4),
('hturk@gmail.com', 4),
('yoz@gmail.com', 4),
('sersoz@gmail.com', 4),
('serper@gmail.com', 4),
('ehas@gmail.com', 4),
('gdemir@gmail.com', 4),
('gizem@gmail.com', 4),
('apple@gmail.com', 4),
('bdemir2@gmail.com', 3),
('mdemir@gmail.com', 5),
('myesil@gmail.com', 5),
('dsay@gmail.com', 5),
('ccdemir@gmail.com', 5),
('foz@gmail.com', 3),
('gkaraca@gmail.com', 3),
('hgezer@gmail.com', 4),
('eturna@gmail.com', 4),
('yturan@gmail.com', 4),
('agezer@gmail.com', 4),
('edemir22@gmail.com', 5),
('zturk@gmail.com', 3),
('gsoyer@gmail.com', 4),
('acan@gmail.com', 3),
('nhkaya@gmail.com', 5),
('takkaya1@gmail.com', 4),
('aswartz@gmail.com', 4),
('efitzgerald@gmail.com', 5),
('sowhat@gmail.com', 5),
('billevans@gmail.com', 4),
('sezenaksu@gmail.com', 5),
('toriamos@gmail.com', 4);

-- --------------------------------------------------------

--
-- Tablo için tablo yapısı `yas`
--

DROP TABLE IF EXISTS `yas`;
CREATE TABLE IF NOT EXISTS `yas` (
  `yas_no` int(1) NOT NULL,
  `yas_aralik` varchar(50) CHARACTER SET utf8 COLLATE utf8_turkish_ci NOT NULL,
  PRIMARY KEY (`yas_no`)
) ENGINE=InnoDB DEFAULT CHARSET=utf8;

--
-- Tablo döküm verisi `yas`
--

INSERT INTO `yas` (`yas_no`, `yas_aralik`) VALUES
(1, '0-7 Yaş Arası'),
(2, '7-13 Yaş Arası'),
(3, '13-18 Yaş Arası'),
(4, '18-25 Yaş Arası'),
(5, '25 Yaş Üzeri');

-- --------------------------------------------------------

--
-- Tablo için tablo yapısı `yas_tur`
--

DROP TABLE IF EXISTS `yas_tur`;
CREATE TABLE IF NOT EXISTS `yas_tur` (
  `yas_no` int(1) NOT NULL,
  `tur_no` int(16) NOT NULL,
  KEY `yas_no` (`yas_no`),
  KEY `tur_no` (`tur_no`)
) ENGINE=InnoDB DEFAULT CHARSET=utf8;

--
-- Tablo döküm verisi `yas_tur`
--

INSERT INTO `yas_tur` (`yas_no`, `tur_no`) VALUES
(4, 1),
(4, 5),
(4, 6),
(3, 2),
(3, 3),
(3, 8),
(2, 1),
(2, 2),
(2, 3),
(2, 4),
(2, 5),
(2, 6),
(2, 7),
(2, 8),
(1, 1),
(1, 2),
(1, 3),
(1, 4),
(1, 5),
(1, 6),
(1, 7),
(1, 8),
(3, 7),
(3, 7),
(1, 4),
(1, 4),
(1, 5),
(1, 6),
(1, 5),
(1, 6),
(5, 1),
(5, 3),
(5, 4),
(5, 5),
(5, 6),
(5, 1),
(5, 3),
(5, 4),
(5, 5),
(5, 6),
(1, 2),
(1, 4),
(1, 7),
(1, 2),
(1, 4),
(1, 7),
(4, 1),
(4, 2),
(4, 3),
(4, 4),
(4, 5),
(4, 1),
(4, 2),
(4, 3),
(4, 4),
(4, 5),
(4, 2),
(4, 3),
(4, 7),
(4, 8),
(4, 2),
(4, 3),
(4, 7),
(4, 8),
(5, 1),
(5, 2),
(5, 3),
(5, 4),
(5, 5),
(5, 6),
(5, 1),
(5, 2),
(5, 3),
(5, 4),
(5, 5),
(5, 6),
(4, 2),
(4, 3),
(4, 4),
(4, 8),
(4, 2),
(4, 3),
(4, 4),
(4, 8),
(3, 2),
(3, 3),
(3, 8),
(3, 2),
(3, 3),
(3, 8),
(4, 3),
(4, 4),
(4, 6),
(4, 7),
(4, 8),
(4, 3),
(4, 4),
(4, 6),
(4, 7),
(4, 8),
(5, 2),
(5, 3),
(5, 5),
(5, 7),
(5, 8),
(5, 2),
(5, 3),
(5, 5),
(5, 7),
(5, 8),
(2, 1),
(2, 2),
(2, 7),
(2, 1),
(2, 2),
(2, 7),
(1, 2),
(1, 6),
(1, 7),
(1, 2),
(1, 6),
(1, 7),
(5, 1),
(5, 2),
(5, 4),
(5, 5),
(5, 1),
(5, 2),
(5, 4),
(5, 5),
(2, 2),
(2, 3),
(2, 8),
(2, 2),
(2, 3),
(2, 8),
(2, 1),
(2, 2),
(2, 7),
(2, 1),
(2, 2),
(2, 7),
(4, 1),
(4, 2),
(4, 4),
(4, 5),
(4, 1),
(4, 2),
(4, 4),
(4, 5),
(4, 2),
(4, 3),
(4, 8),
(4, 2),
(4, 3),
(4, 8),
(5, 2),
(5, 3),
(5, 7),
(5, 8),
(5, 2),
(5, 3),
(5, 7),
(5, 8),
(2, 1),
(2, 2),
(2, 4),
(2, 7),
(2, 1),
(2, 2),
(2, 4),
(2, 7),
(4, 1),
(4, 4),
(4, 5),
(4, 1),
(4, 4),
(4, 5),
(5, 2),
(5, 3),
(5, 6),
(5, 7),
(5, 8),
(5, 2),
(5, 3),
(5, 6),
(5, 7),
(5, 8),
(5, 1),
(5, 3),
(5, 4),
(5, 6),
(5, 8),
(5, 1),
(5, 3),
(5, 4),
(5, 6),
(5, 8),
(4, 1),
(4, 2),
(4, 4),
(4, 5),
(4, 1),
(4, 2),
(4, 4),
(4, 5),
(3, 2),
(3, 3),
(3, 7),
(3, 8),
(3, 2),
(3, 3),
(3, 7),
(3, 8),
(5, 3),
(5, 6),
(5, 8),
(5, 3),
(5, 6),
(5, 8),
(3, 1),
(3, 3),
(3, 5),
(3, 6),
(3, 7),
(3, 8),
(3, 1),
(3, 3),
(3, 5),
(3, 6),
(3, 7),
(3, 8),
(4, 1),
(4, 2),
(4, 4),
(4, 5),
(4, 6),
(4, 1),
(4, 2),
(4, 4),
(4, 5),
(4, 6),
(4, 2),
(4, 3),
(4, 4),
(4, 8),
(4, 2),
(4, 3),
(4, 4),
(4, 8),
(3, 1),
(3, 4),
(3, 5),
(3, 7),
(3, 1),
(3, 4),
(3, 5),
(3, 7),
(5, 1),
(5, 4),
(5, 6),
(5, 8),
(5, 1),
(5, 4),
(5, 6),
(5, 8),
(1, 2),
(1, 7),
(1, 8),
(1, 2),
(1, 7),
(1, 8),
(3, 1),
(3, 2),
(3, 3),
(3, 4),
(3, 5),
(3, 6),
(3, 8),
(3, 1),
(3, 2),
(3, 3),
(3, 4),
(3, 5),
(3, 6),
(3, 8),
(5, 1),
(5, 2),
(5, 3),
(5, 5),
(5, 6),
(5, 7),
(5, 8),
(5, 1),
(5, 2),
(5, 3),
(5, 5),
(5, 6),
(5, 7),
(5, 8),
(4, 1),
(4, 2),
(4, 3),
(4, 4),
(4, 5),
(4, 1),
(4, 2),
(4, 3),
(4, 4),
(4, 5),
(5, 1),
(5, 2),
(5, 5),
(5, 1),
(5, 2),
(5, 5),
(5, 1),
(5, 2),
(5, 3),
(5, 6),
(5, 1),
(5, 2),
(5, 3),
(5, 6),
(4, 1),
(4, 2),
(4, 3),
(4, 4),
(4, 5),
(4, 6),
(4, 1),
(4, 2),
(4, 3),
(4, 4),
(4, 5),
(4, 6),
(4, 2),
(4, 4),
(4, 6),
(4, 7),
(4, 8),
(4, 2),
(4, 4),
(4, 6),
(4, 7),
(4, 8),
(4, 1),
(4, 5),
(4, 1),
(4, 5),
(4, 1),
(4, 4),
(4, 6),
(4, 7),
(4, 8),
(4, 1),
(4, 4),
(4, 6),
(4, 7),
(4, 8),
(4, 2),
(4, 4),
(4, 5),
(4, 2),
(4, 4),
(4, 5),
(4, 2),
(4, 5),
(4, 7),
(4, 8),
(4, 2),
(4, 5),
(4, 7),
(4, 8),
(4, 2),
(4, 3),
(4, 4),
(4, 6),
(4, 8),
(4, 2),
(4, 3),
(4, 4),
(4, 6),
(4, 8),
(1, 2),
(1, 2),
(4, 2),
(4, 4),
(4, 5),
(4, 6),
(4, 2),
(4, 4),
(4, 5),
(4, 6),
(4, 2),
(4, 3),
(4, 4),
(4, 7),
(4, 8),
(4, 2),
(4, 3),
(4, 4),
(4, 7),
(4, 8),
(4, 2),
(4, 3),
(4, 8),
(4, 2),
(4, 3),
(4, 8),
(4, 2),
(4, 3),
(4, 4),
(4, 5),
(4, 8),
(4, 2),
(4, 3),
(4, 4),
(4, 5),
(4, 8),
(3, 2),
(3, 7),
(3, 8),
(3, 2),
(3, 7),
(3, 8),
(5, 2),
(5, 4),
(5, 5),
(5, 2),
(5, 4),
(5, 5),
(5, 1),
(5, 2),
(5, 5),
(5, 1),
(5, 2),
(5, 5),
(5, 2),
(5, 4),
(5, 5),
(5, 8),
(5, 2),
(5, 4),
(5, 5),
(5, 8),
(5, 2),
(5, 4),
(5, 5),
(5, 8),
(5, 2),
(5, 4),
(5, 5),
(5, 8),
(3, 1),
(3, 2),
(3, 5),
(3, 7),
(3, 1),
(3, 2),
(3, 5),
(3, 7),
(3, 2),
(3, 4),
(3, 8),
(3, 2),
(3, 4),
(3, 8),
(4, 2),
(4, 2),
(4, 1),
(4, 2),
(4, 3),
(4, 4),
(4, 5),
(4, 7),
(4, 8),
(4, 1),
(4, 2),
(4, 3),
(4, 4),
(4, 5),
(4, 7),
(4, 8),
(4, 1),
(4, 2),
(4, 3),
(4, 4),
(4, 5),
(4, 7),
(4, 8),
(4, 1),
(4, 2),
(4, 3),
(4, 4),
(4, 5),
(4, 7),
(4, 8),
(4, 1),
(4, 2),
(4, 3),
(4, 4),
(4, 5),
(4, 7),
(4, 8),
(4, 1),
(4, 2),
(4, 3),
(4, 4),
(4, 5),
(4, 7),
(4, 8),
(5, 2),
(5, 3),
(5, 2),
(5, 3),
(3, 7),
(3, 7),
(4, 2),
(4, 7),
(4, 2),
(4, 7),
(3, 1),
(3, 2),
(3, 1),
(3, 2),
(5, 2),
(5, 3),
(5, 4),
(5, 8),
(5, 2),
(5, 3),
(5, 4),
(5, 8),
(5, 1),
(5, 2),
(5, 3),
(5, 4),
(5, 1),
(5, 2),
(5, 3),
(5, 4),
(4, 2),
(4, 3),
(4, 7),
(4, 8),
(4, 2),
(4, 3),
(4, 7),
(4, 8),
(3, 1),
(3, 2),
(3, 3),
(3, 4),
(3, 7),
(3, 1),
(3, 2),
(3, 3),
(3, 4),
(3, 7),
(4, 2),
(4, 3),
(4, 4),
(4, 5),
(4, 7),
(4, 8),
(4, 2),
(4, 3),
(4, 4),
(4, 5),
(4, 7),
(4, 8),
(4, 2),
(4, 4),
(4, 5),
(4, 6),
(4, 7),
(4, 2),
(4, 4),
(4, 5),
(4, 6),
(4, 7),
(5, 2),
(5, 3),
(5, 6),
(5, 8),
(5, 2),
(5, 3),
(5, 6),
(5, 8),
(5, 2),
(5, 6),
(5, 8),
(5, 2),
(5, 6),
(5, 8),
(4, 1),
(4, 2),
(4, 3),
(4, 6),
(4, 7),
(4, 8),
(4, 1),
(4, 2),
(4, 3),
(4, 6),
(4, 7),
(4, 8),
(5, 2),
(5, 3),
(5, 7),
(5, 2),
(5, 3),
(5, 7),
(4, 2),
(4, 3),
(4, 5),
(4, 7),
(4, 8),
(4, 2),
(4, 3),
(4, 5),
(4, 7),
(4, 8),
(3, 1),
(3, 1),
(1, 1),
(1, 2),
(1, 3),
(1, 4),
(1, 1),
(1, 2),
(1, 3),
(1, 4),
(1, 1),
(1, 1),
(5, 1),
(5, 2),
(5, 3),
(5, 4),
(5, 5),
(5, 6),
(5, 7),
(5, 8),
(5, 1),
(5, 2),
(5, 3),
(5, 4),
(5, 5),
(5, 6),
(5, 7),
(5, 8),
(1, 1),
(1, 1),
(1, 3),
(1, 3),
(1, 1),
(1, 1),
(1, 4),
(1, 4),
(2, 2),
(2, 2),
(5, 1),
(5, 1),
(1, 1),
(1, 1);

--
-- Dökümü yapılmış tablolar için kısıtlamalar
--

--
-- Tablo kısıtlamaları `uye_tur`
--
ALTER TABLE `uye_tur`
  ADD CONSTRAINT `uye_tur_ibfk_1` FOREIGN KEY (`email`) REFERENCES `uye` (`email`) ON DELETE CASCADE ON UPDATE CASCADE,
  ADD CONSTRAINT `uye_tur_ibfk_2` FOREIGN KEY (`tur_no`) REFERENCES `tur` (`tur_no`) ON DELETE CASCADE ON UPDATE CASCADE;

--
-- Tablo kısıtlamaları `uye_yas`
--
ALTER TABLE `uye_yas`
  ADD CONSTRAINT `uye_yas_ibfk_1` FOREIGN KEY (`yas_no`) REFERENCES `yas` (`yas_no`) ON DELETE CASCADE ON UPDATE CASCADE,
  ADD CONSTRAINT `uye_yas_ibfk_2` FOREIGN KEY (`email`) REFERENCES `uye` (`email`) ON DELETE CASCADE ON UPDATE CASCADE;

--
-- Tablo kısıtlamaları `yas_tur`
--
ALTER TABLE `yas_tur`
  ADD CONSTRAINT `yas_tur_ibfk_1` FOREIGN KEY (`tur_no`) REFERENCES `tur` (`tur_no`) ON DELETE CASCADE ON UPDATE CASCADE,
  ADD CONSTRAINT `yas_tur_ibfk_2` FOREIGN KEY (`yas_no`) REFERENCES `yas` (`yas_no`) ON DELETE CASCADE ON UPDATE CASCADE;
COMMIT;

/*!40101 SET CHARACTER_SET_CLIENT=@OLD_CHARACTER_SET_CLIENT */;
/*!40101 SET CHARACTER_SET_RESULTS=@OLD_CHARACTER_SET_RESULTS */;
/*!40101 SET COLLATION_CONNECTION=@OLD_COLLATION_CONNECTION */;
